0.0,0.0,1
0.003999800001666661,3.999933333666666e-05,1
0.007998400053332622,0.00015998933354666466,1
0.01199460040498785,0.00035994600242994794,1
0.015987201706575648,0.0006398293469861466,1
0.019975005207899327,0.0009995833854135666,1
0.0239568129584449,0.0014391361555066704,1
0.02793142800709183,0.0019583997254509176,1
0.031897654601683825,0.0025572702070135265,1
0.0358542983884318,0.0032356277711283977,1
0.03980016661112104,0.003993336665873127,1
0.04373406831009467,0.004830245236835692,1
0.04765481452098559,0.00574618594986813,1
0.051561218473168996,0.006740975416224134,1
0.055452095787907704,0.007814414420077246,1
0.05932626467616256,0.008966287948415957,1
0.06318254613604016,0.010196365223311746,1
0.06701976414985017,0.011504399736555735,1
0.07083674588074478,0.01289012928665935,1
0.07463232186891258,0.014353276018214053,1
0.07840532622729937,0.01589354646360491,1
0.0821545968368285,0.017510631587072376,1
0.08587897554109333,0.019204206831116517,1
0.08957730834049453,0.020973932165237352,1
0.0932484455857949,0.022819452137004943,1
0.09689124217106453,0.024740395925452314,1
0.10050455772598944,0.026736377396784156,1
0.10408725680751624,0.028806995162393788,1
0.1076382090908064,0.03095183263918077,1
0.11115628955947295,0.033170458112160954,1
0.11464037869507279,0.035462424799360785,1
0.11808936266582853,0.037827270918987035,1
0.12150213351455251,0.04026451975886312,1
0.12487758934574715,0.04277367974812267,1
0.12821463451185516,0.045354244531150806,1
0.13151217979863314,0.048005693043763245,1
0.1347691426096227,0.05072748959161301,1
0.13798444714969318,0.053519083930814434,1
0.14115702460762963,0.05637991135077343,1
0.14428581333774093,0.05930939275921325,1
0.1473697590404617,0.062306934769384155,1
0.15040781494192332,0.06537192978944543,1
0.15339894197246787,0.06850375611400787,1
0.15634210894408035,0.07170177801782435,1
0.15923629272671366,0.07496534585161602,1
0.16208047842348194,0.07829379614002153,1
0.16487365954469677,0.08168645168165574,1
0.16761483818072195,0.08514262165126495,1
0.17030302517362267,0.08866160170396482,1
0.17293724028758392,0.09224267408154709,1
0.17551651237807467,0.0958851077208407,1
0.17803987955973338,0.09958815836411325,1
0.1805063893729513,0.10335106867149736,1
0.18291509894912944,0.10717306833542768,1
0.18526507517458612,0.11105337419707256,1
0.18755539485309136,0.11499119036474517,1
0.18978514486700532,0.11898570833427802,1
0.1919534223369974,0.12303610711134515,1
0.1940593347803235,0.1271415533357148,1
0.1961020002676387,0.13130120140741713,1
0.19808054757832289,0.13551419361480865,1
0.19999411635429712,0.1397796602645176,1
0.20184185725230852,0.14409671981325184,1
0.20362293209466234,0.1484644790014521,1
0.205336514018379,0.15288203298877254,1
0.2069817876227546,0.15734846549137047,1
0.20855794911530445,0.1618628489209867,1
0.2100642064560677,0.16642424452579818,1
0.21149977950025248,0.17103170253302363,1
0.21286390013920148,0.17568426229326334,1
0.21415581243965684,0.1803809524265537,1
0.21537477278130437,0.18512079097011663,1
0.21652004999257782,0.18990278552778447,1
0.2175909254847022,0.19472593342108002,1
0.2185866933839581,0.19958922184193117,1
0.21950666066214633,0.2044916280070005,1
0.22035014726523525,0.20943211931360783,1
0.22111648624017063,0.21440965349722613,1
0.2218050238598306,0.21942317879052822,1
0.22241511974610664,0.22447163408396434,1
0.22294614699109297,0.22955394908784757,1
0.22339749227636607,0.23466904449592646,1
0.22376855599033726,0.23981583215042213,1
0.2240587523436607,0.24499321520850792,1
0.22426750948267957,0.250200088310209,1
0.22439426960089395,0.25543533774769983,1
0.22443848904843386,0.2606978416359756,1
0.22439963843952043,0.2659864700848761,1
0.22427720275790025,0.2713000853724375,1
0.2240706814602361,0.2766375421195496,1
0.22377958857743924,0.2819976874658944,1
0.2234034528139274,0.2873793612471423,1
0.22294181764479432,0.29278139617338306,1
0.22239424141087494,0.29820261800876546,1
0.2217602974116929,0.30364184575232334,1
0.22103957399627572,0.3090978918199624,1
0.2202316746518233,0.3145695622275837,1
0.21933621809021744,0.320055656775319,1
0.21835283833235714,0.3255549692328528,1
0.2172811847903086,0.3310662875258065,1
0.21612092234725586,0.336588393923159,1
0.21487173143523955,0.3421200652256785,1
0.21353330811067295,0.3476600729553405,1
0.21210536412762154,0.353207183545705,1
0.2105876270088357,0.3587601585332292,1
0.20897984011452522,0.3643177547494875,1
0.2072817627088636,0.3698787245142746,1
0.20549317002421247,0.37544181582956415,1
0.20361385332305557,0.38100577257429774,1
0.20164361995763105,0.3865693346999769,1
0.1995822934272539,0.39213123842703196,1
0.1974297134333177,0.3976902164419416,1
0.1951857359319669,0.4032449980950747,1
0.19285023318443095,0.4087943095992298,1
0.19042309380501113,0.41433687422884324,1
0.18790422280671215,0.41987141251984017,1
0.18529354164451056,0.42539664247010034,1
0.18259098825625153,0.43091127974051197,1
0.17979651710116798,0.43641403785658606,1
0.17691009919601344,0.4419036284106038,1
0.17393172214880306,0.4473787612642691,1
0.17086139019015564,0.45283814475183926,1
0.16769912420223068,0.45828048588370546,1
0.164444961745255,0.4637044905503957,1
0.16109895708163272,0.46910886372697186,1
0.15766118119763403,0.4744923096777936,1
0.1541317218226575,0.4798535321616204,1
0.15051068344606158,0.4851912346370241,1
0.14679818733156086,0.49050412046808367,1
0.14299437152918337,0.495790893130334,1
0.1390993908847851,0.5010502564169408,1
0.13511341704711852,0.5062809146450731,1
0.13103663847245253,0.5114815728624446,1
0.12686926042674035,0.5166509370539962,1
0.12261150498533385,0.5217877143486916,1
0.11826361103024202,0.5268906132263964,1
0.11382583424493169,0.5319583437248124,1
0.10929844710666953,0.536989617646441,1
0.1046817388764041,0.541983148765543,1
0.09997601558618723,0.5469376530350702,1
0.09518160002413442,0.5518518487935382,1
0.09029883171692428,0.556724456971812,1
0.085328066909837,0.5615542012997773,1
0.08026967854433283,0.5663398085128662,1
0.07512405623317124,0.5710800085584119,1
0.06989160623307204,0.5757735348018018,1
0.06457275141492004,0.580419124232401,1
0.059167931231515244,0.5850155176692181,1
0.05367760168287071,0.5895614599662834,1
0.048102235279060546,0.5940557002177139,1
0.042442321000621105,0.5984969919624331,1
0.03669836425650844,0.6028840933885196,1
0.03087088683961549,0.607215767537155,1
0.024960426879853052,0.6114907825061437,1
0.01896753879479846,0.6157079116529756,1
0.012892793237916629,0.6198659337974017,1
0.006736777044358165,0.6239636334234994,1
0.0005000931743397926,0.6279998008811926,1
-0.005816639345887575,0.6319732325872042,1
-0.01221278548547724,0.6358827312254094,1
-0.018687694272825565,0.6397271059465637,1
-0.025240698861804817,0.6435051725673759,1
-0.031871116600383255,0.6472157537689,1
-0.03857824910162548,0.6508576792942168,1
-0.04536138231706554,0.6544297861453783,1
-0.052219786612445265,0.6579309187795869,1
-0.05915271684580967,0.6613599293045808,1
-0.06615941244795125,0.6647156776732008,1
-0.07323909750519433,0.6679970318771075,1
-0.08039098084451081,0.6712028681396245,1
-0.08761425612095772,0.674332071107679,1
-0.09490810190742723,0.6773835340428125,1
-0.10227168178669917,0.6803561590112349,1
-0.10970414444578583,0.6832488570728961,1
-0.1172046237725586,0.6860605484695456,1
-0.12477223895464547,0.6887901628117562,1
-0.13240609458058863,0.6914366392648837,1
-0.1401052807432502,0.6939989267339366,1
-0.1478688731454551,0.6964759840473281,1
-0.15569593320785813,0.6988667801394876,1
-0.16358550817902376,0.7011702942323008,1
-0.17153663124770555,0.7033855160153566,1
-0.17954832165731224,0.7055114458249725,1
-0.1876195848225477,0.7075470948219741,1
-0.19574941244821065,0.709491485168202,1
-0.20393678265014067,0.7113436502017222,1
-0.2121806600782966,0.7131026346107124,1
-0.22047999604195231,0.7147674946060023,1
-0.22883372863699586,0.7163372980922399,1
-0.23724078287531628,0.7178111248376609,1
-0.24570007081626383,0.7191880666424352,1
-0.254210491700167,0.7204672275055682,1
-0.26277093208389113,0.7216477237903296,1
-0.2713802659784223,0.7227286843881884,1
-0.28003735498846066,0.7237092508812277,1
-0.2887410484540051,0.7245885777030182,1
-0.29749018359391444,0.7253658322979241,1
-0.30628358565142594,0.7260401952788196,1
-0.3151200680416148,0.7266108605831935,1
-0.32399843250077676,0.7270770356276153,1
-0.3329174692377151,0.7274379414605455,1
-0.3418759570869156,0.7276928129134617,1
-0.35087266366358766,0.7278408987502831,1
-0.35990634552055656,0.727881461815067,1
-0.36897574830698476,0.7278137791779581,1
-0.3780796069289051,0.7276371422793683,1
-0.3872166457115445,0.7273508570723631,1
-0.39638557856342027,0.7269542441632373,1
-0.405585109142187,0.7264466389502544,1
-0.41481393102221503,0.7258273917605329,1
-0.42407072786388,0.7250958679850549,1
-0.43335417358454154,0.7242514482117797,1
-0.4426629325311912,0.7232935283568402,1
-0.45199565965474836,0.7222215197938027,1
-0.46135100068598095,0.72103484948097,1
-0.4707275923130322,0.7197329600867094,1
-0.4801240623605282,0.7183153101127838,1
-0.4895390299702467,0.7167813740156694,1
-0.4989711057833234,0.7151306423258401,1
-0.5084188921239728,0.7133626217649992,1
-0.5178809831847025,0.7114768353612414,1
-0.5273559652129955,0.7094728225621267,1
-0.5368424166994394,0.7073501393456473,1
-0.5463389085672775,0.7051083583290708,1
-0.5558440043633588,0.702747068875643,1
-0.5653562604504628,0.7002658771991319,1
-0.5748742262009758,0.6976644064661967,1
-0.5843964441918922,0.6949422968965653,1
-0.5939214504011189,0.692099205861004,1
-0.6034477744050571,0.6891348079770638,1
-0.6129739395774353,0.6860487952025862,1
-0.6224984632893712,0.6828408769269549,1
-0.6320198571106344,0.6795107800600773,1
-0.6415366270120867,0.6760582491190801,1
-0.6510472735692729,0.6724830463127064,1
-0.6605502921671371,0.6687849516233983,1
-0.6700441732058382,0.664963762887051,1
-0.6795274023076389,0.6610192958704261,1
-0.6889984605248415,0.6569513843462086,1
-0.6984558245487443,0.6527598801656971,1
-0.7078979669195916,0.6484446533291105,1
-0.7173233562374909,0.6440055920535032,1
-0.726730457374271,0.6394426028382723,1
-0.736117731686252,0.6347556105282477,1
-0.745483637227903,0.6299445583743523,1
-0.7548266289663567,0.6250094080918204,1
-0.7641451589967557,0.6199501399159648,1
-0.7734376767584038,0.6147667526554803,1
-0.7827026292516901,0.6094592637432735,1
-0.7919384612557642,0.6040277092848093,1
-0.8011436155469287,0.5984721441039644,1
-0.8103165331177254,0.5927926417863767,1
-0.8194556533966839,0.5869892947202829,1
-0.8285594144687051,0.5810622141348359,1
-0.8376262532960526,0.575011530135891,1
-0.8466546059399213,0.5688373917392544,1
-0.855642907782556,0.5625399669013872,1
-0.8645895937498898,0.5561194425475539,1
-0.8734930985346748,0.5495760245974111,1
-0.8823518568200764,0.5429099379880282,1
-0.8911643035036996,0.5361214266943334,1
-0.8999288739220207,0.5292107537469786,1
-0.9086440040751954,0.522178201247618,1
-0.9173081308522106,0.515024070381594,1
-0.9259196922563555,0.5077486814280244,1
-0.9344771276309775,0.5003523737672876,1
-0.9429788778854968,0.4928355058858997,1
-0.9514233857216501,0.4851984553787799,1
-0.9598090958599298,0.47744161894889897,1
-0.9681344552661952,0.4695654124043091,1
-0.9763979133784204,0.4615702706525499,1
-0.9845979223335516,0.45345664769242816,1
-0.9927329371944447,0.44522501660316927,1
-1.0008014161768506,0.43687586953093666,1
-1.0088018208764213,0.4284097176727187,1
-1.0167326164957045,0.4198270912575801,1
-1.0245922720710978,0.4111285395252768,1
-1.0323792606997326,0.40231463070223433,1
-1.0400920597662562,0.3933859519748871,1
-1.0477291511694844,0.3843431094603798,1
-1.055289021548892,0.37518672817463034,1
-1.0627701625109132,0.36591745199775466,1
-1.0701710708550198,0.35653594363685404,1
-1.0774902487995495,0.3470428845861659,1
-1.0847262042072507,0.3374389750845797,1
-1.0918774508105182,0.3277249340705192,1
-1.0989425084362847,0.317901499134194,1
-1.1059199032305427,0.30796942646722075,1
-1.1128081678824626,0.2979294908096191,1
-1.11960584184808,0.28778248539418444,1
-1.1263114715735207,0.2775292218882398,1
-1.1329236107177336,0.2671705303327723,1
-1.1394408203747006,0.25670725907895753,1
-1.1458616692950956,0.24614027472207536,1
-1.1521847341073612,0.2354704620328238,1
-1.1584085995381723,0.2246987238860342,1
-1.1645318586322604,0.21382598118679416,1
-1.1705531129715627,0.20285317279398368,1
-1.176470972893674,0.1917812554412304,1
-1.1822840577095628,0.18061120365529099,1
-1.187990995920532,0.16934400967186453,1
-1.1935904254343839,0.1579806833488458,1
-1.1990809937807698,0.14652225207702532,1
-1.2044613583256873,0.1349697606882445,1
-1.2097301864851011,0.1233242713610132,1
-1.2148861559376531,0.11158686352359881,1
-1.2199279548364397,0.09975863375459548,1
-1.2248542820198176,0.08784069568098224,1
-1.2296638472212187,0.07583417987367981,1
-1.234355371277937,0.06374023374061571,1
-1.2389275863388662,0.051560021417307755,1
-1.243379236071152,0.03929472365497629,1
-1.247709075865735,0.026945537706196034,1
-1.2519158730417557,0.014513677208098525,1
-1.2559984070497905,0.002000372063136462,1
-1.2599554696738922,-0.01059313168257817,1
-1.2637858652324057,-0.023265571963350284,1
-1.2674884107775346,-0.0360156708203798,1
-1.271061936293623,-0.04884213453062896,1
-1.2745052848941334,-0.06174365373806594,1
-1.2778173130172865,-0.07471890358727135,1
-1.28099689062034,-0.08776654385939411,1
-1.284042901372474,-0.10088521911044265,1
-1.2869542428462604,-0.1140735588118971,1
-1.2897298267076882,-0.1273301774936283,1
-1.2923685789047146,-0.14065367488910827,1
-1.2948694398543177,-0.15404263608289717,1
-1.2972313646280254,-0.1674956316603913,1
-1.2994533231358905,-0.18101121785981628,1
-1.3015343003088877,-0.1945879367264492,1
-1.3034732962797082,-0.20822431626905363,1
-1.3052693265619197,-0.22191887061851043,1
-1.3069214222274745,-0.2356701001886276,1
-1.3084286300825323,-0.24947649183911177,1
-1.309790012841577,-0.26333651904068367,1
-1.3110046492998002,-0.2772486420423198,1
-1.3120716345037278,-0.2912113080406023,1
-1.3129900799200622,-0.30522295135115796,1
-1.3137591136027178,-0.31928199358216824,1
-1.3143778803580253,-0.3333868438099307,1
-1.3148455419080778,-0.34753589875645335,1
-1.315161277052198,-0.3617275429690612,1
-1.3153242818265007,-0.375960149001996,1
-1.3153337696615257,-0.39023207759998835,1
-1.315188971537922,-0.40454167788378276,1
-1.3148891361401538,-0.41888728753759363,1
-1.3144335300082124,-0.433267232998472,1
-1.3138214376873036,-0.4476798296475615,1
-1.3130521618754933,-0.46212338200322256,1
-1.312125023569289,-0.47659618391600217,1
-1.311039362207131,-0.4910965187654279,1
-1.3097945358107748,-0.5056226596586035,1
-1.3083899211245427,-0.5201728696305834,1
-1.3068249137524213,-0.5347454018465044,1
-1.3050989282929861,-0.5493384998054495,1
-1.3032113984721305,-0.5639503975460222,1
-1.301161777273579,-0.5785793198536083,1
-1.2989495370671649,-0.593223482469298,1
-1.2965741697348503,-0.6078810923004486,1
-1.294035186794473,-0.6225503476328611,1
-1.2913321195211935,-0.6372294383445456,1
-1.288464519066629,-0.6519165461210532,1
-1.2854319565756531,-0.6666098446723472,1
-1.2822340233008414,-0.6813074999511896,1
-1.2788703307145448,-0.6960076703730166,1
-1.2753405106185742,-0.7107085070372786,1
-1.271644215251475,-0.7254081539502181,1
-1.2677811173933773,-0.7401047482490588,1
-1.2637509104684006,-0.7547964204275822,1
-1.2595533086446,-0.7694812945630609,1
-1.2551880469314325,-0.7841574885445268,1
-1.25065488127473,-0.7988231143023429,1
-1.2459535886491633,-0.8134762780390556,1
-1.2410839671481748,-0.828115080461497,1
-1.2360458360713744,-0.8427376170141099,1
-1.2308390360093728,-0.8573419781134721,1
-1.2254634289260447,-0.8719262493839858,1
-1.219918898238202,-0.8864885118947082,1
-1.2142053488926667,-0.9010268423972954,1
-1.2083227074407243,-0.9155393135650272,1
-1.2022709221099488,-0.9300239942328893,1
-1.1960499628733823,-0.9444789496386801,1
-1.1896598215160576,-0.9589022416651166,1
-1.183100511698849,-0.9732919290829064,1
-1.1763720690196413,-0.9876460677947602,1
-1.1694745510718012,-1.0019627110803138,1
-1.1624080374999437,-1.0162399098419297,1
-1.1551726300529754,-1.0304757128513486,1
-1.1477684526344103,-1.044668166997164,1
-1.1401956513499418,-1.058815317533084,1
-1.1324543945522614,-1.0729152083269555,1
-1.124544872883117,-1.0869658821105186,1
-1.1164672993125946,-1.1009653807298596,1
-1.1082219091756194,-1.1149117453965356,1
-1.0998089602056624,-1.1288030169393344,1
-1.091228732565649,-1.142637236056646,1
-1.082481528876052,-1.1564124435694076,1
-1.0735676742401719,-1.1701266806745978,1
-1.0644875162665843,-1.1837779891992426,1
-1.0552414250887587,-1.197364411854908,1
-1.04582979338183,-1.210883992492643,1
-1.0362530363765246,-1.2243347763583443,1
-1.0265115918702319,-1.2377148103485092,1
-1.0166059202352067,-1.2510221432663502,1
-1.0065365044239125,-1.2642548260782298,1
-0.9963038499714848,-1.2774109121703952,1
-0.9859084849953178,-1.2904884576059723,1
-0.9753509601917674,-1.3034855213821905,1
-0.9646318488299641,-1.3164001656878084,1
-0.9537517467427332,-1.3292304561607027,1
-0.9427112723146194,-1.3419744621455938,1
-0.9315110664670099,-1.3546302569518733,1
-0.9201517926403536,-1.3671959181115,1
-0.9086341367734749,-1.379669527636936,1
-0.896958807279978,-1.392049172279084,1
-0.8851265350217393,-1.404332943785203,1
-0.8731380732794878,-1.4165189391567583,1
-0.8609941977204717,-1.4286052609071846,1
-0.8486957063632082,-1.4405900173195216,1
-0.8362434195393176,-1.452471322703892,1
-0.8236381798524419,-1.464247297654792,1
-0.8108808521342461,-1.4759160693081579,1
-0.7979723233975031,-1.4874757715981781,1
-0.7849135027862643,-1.4989245455138167,1
-0.7717053215231151,-1.5102605393550181,1
-0.7583487328535186,-1.5214819089885583,1
-0.7448447119872468,-1.5325868181035096,1
-0.7311942560369046,-1.543573438466289,1
-0.7173983839535465,-1.5544399501752535,1
-0.7034581364593906,-1.5651845419148138,1
-0.6893745759776325,-1.5758054112090312,1
-0.6751487865593621,-1.5863007646746647,1
-0.6607818738075886,-1.5966688182736384,1
-0.6462749647983775,-1.6069077975648947,1
-0.6316292079991043,-1.6170159379556,1
-0.6168457731838282,-1.6269914849516731,1
-0.6019258513457959,-1.6368326944076,1
-0.5868706546070764,-1.6465378327755078,1
-0.5716814161253349,-1.6561051773534603,1
-0.5563593899977531,-1.6655330165329454,1
-0.5409058511621018,-1.6748196500455226,1
-0.5253220952949729,-1.6839633892085968,1
-0.5096094387071792,-1.6929625571702873,1
-0.4937692182363297,-1.7018154891533595,1
-0.4778027911365877,-1.7105205326981874,1
-0.4617115349656219,-1.7190760479047151,1
-0.4454968474687592,-1.7274804076733843,1
-0.4291601464603475,-1.735731997944999,1
-0.41270286970233927,-1.7438292179394916,1
-0.39612647478010626,-1.751770480393562,1
-0.37943243897549445,-1.7595542117971565,1
-0.3626222591371314,-1.7671788526287566,1
-0.345697451547997,-1.7746428575894435,1
-0.3286595517902679,-1.7819446958357112,1
-0.311510114607449,-1.7890828512109938,1
-0.2942507137638038,-1.7960558224758765,1
-0.27688294190109525,-1.8028621235369608,1
-0.2594084103926516,-1.8095002836743528,1
-0.2418287491947689,-1.8159688477677414,1
-0.22414560669546504,-1.8222663765210418,1
-0.20636064956059855,-1.8283914466855649,1
-0.1884755625773667,-1.834342651281693,1
-0.17049204849519736,-1.8401185998190215,1
-0.15241182786405005,-1.845717918514946,1
-0.13423663887014073,-1.8511392505116553,1
-0.1159682371691068,-1.8563812560915107,1
-0.09760839571662772,-1.861442612890774,1
-0.07915890459651781,-1.8663220161116583,1
-0.060621570846307773,-1.8710181787326738,1
-0.041998218280332095,-1.8755298317172358,1
-0.023290687310339456,-1.8798557242205098,1
-0.004500834763643841,-1.8839946237944618,1
0.01436946630116561,-1.8879453165910884,1
0.03331832678093782,-1.8917066075637956,1
0.05234384171707735,-1.8952773206669,1
0.07144409048704758,-1.8986562990532236,1
0.09061713699823996,-1.9018424052697551,1
0.10986102988419003,-1.9048345214513493,1
0.12917380270312015,-1.907631549512437,1
0.14855347413878897,-1.9102324113367204,1
0.1679980482036268,-1.9126360489648253,1
0.18750551444413616,-1.9148414247798813,1
0.2070738481485369,-1.9168475216910088,1
0.22670101055663364,-1.918653343314682,1
0.24638494907188432,-1.9202579141539426,1
0.26612359747564773,-1.9216602797754407,1
0.2859148761435877,-1.9228595069842733,1
0.30575669226421137,-1.923854683996599,1
0.3256469400595185,-1.9246449206100014,1
0.3455835010077385,-1.9252293483715752,1
0.3655642440681325,-1.925607120743715,1
0.38558702590783517,-1.925777413267576,1
0.40564969113071403,-1.9257394237241865,1
0.4257500725082204,-1.9254923722931885,1
0.4458859912122083,-1.9250355017091796,1
0.46605525704969575,-1.9243680774156353,1
0.48625566869954423,-1.923489387716388,1
0.5064850139510295,-1.9223987439246395,1
0.52674106994428,-1.9210954805094829,1
0.5470216034125542,-1.9195789552399152,1
0.5673243709263336,-1.9178485493263135,1
0.587647119139203,-1.9159036675593584,1
0.607987585035491,-1.9137437384463776,1
0.6283434961796465,-1.9113682143450916,1
0.6487125709673194,-1.9087765715947416,1
0.6690925188781228,-1.9059683106445748,1
0.6894810407300459,-1.9029429561796691,1
0.7098758289354903,-1.8997000572440788,1
0.7302745677589015,-1.8962391873612767,1
0.7506749335759683,-1.8925599446518786,1
0.7710745951343594,-1.8886619519486247,1
0.79147121381597,-1.8845448569086067,1
0.8118624439006478,-1.8802083321227128,1
0.832245932831371,-1.8756520752222803,1
0.8526193214808466,-1.8708758089829338,1
0.8729802444195001,-1.8658792814255898,1
0.8933263301848274,-1.8606622659146164,1
0.9136552015520775,-1.8552245612531217,1
0.9339644758062356,-1.8495659917753648,1
0.9542517650152779,-1.8436864074362627,1
0.9745146763046626,-1.837585683897985,1
0.9947508121330337,-1.831263722613615,1
1.0149577705690982,-1.8247204509078676,1
1.0351331455696502,-1.8179558220548395,1
1.0552745272587098,-1.8109698153527882,1
1.0753795022077444,-1.8037624361959173,1
1.0954456537169386,-1.7963337161431545,1
1.1154705620974847,-1.7886837129839157,1
1.1354518049548585,-1.780812510800831,1
1.1553869574730473,-1.772720220029427,1
1.1752735926997009,-1.7644069775147524,1
1.1951092818321694,-1.7558729465649279,1
1.214891594504397,-1.747118317001619,1
1.2346180990746374,-1.738143305207409,1
1.2542863629139573,-1.7289481541700673,1
1.2738939526954989,-1.719533133523703,1
1.293438434684459,-1.709898539586786,1
1.3129173750287606,-1.7000446953970343,1
1.3323283400503787,-1.6899719507431503,1
1.3516688965372832,-1.6796806821934014,1
1.3709366120359732,-1.6691712931210307,1
1.3901290551445598,-1.6584442137264972,1
1.4092437958063697,-1.6474999010565254,1
1.4282784056040296,-1.636338839019968,1
1.4472304580540034,-1.6249615384004648,1
1.4660975289015405,-1.6133685368658963,1
1.4848771964160057,-1.6015603989746219,1
1.5035670416865536,-1.5895377161784972,1
1.5221646489181138,-1.5773011068226643,1
1.5406676057276503,-1.5648512161421086,1
1.55907350344066,-1.5521887162549768,1
1.5773799373878794,-1.5393143061526506,1
1.5955845072021564,-1.5262287116865738,1
1.6136848171154587,-1.5129326855518241,1
1.6316784762559828,-1.4994270072674296,1
1.6495630989453216,-1.4857124831534245,1
1.6673363049956638,-1.4717899463046396,1
1.6849957200069845,-1.45766025656123,1
1.7025389756641918,-1.4433243004759295,1
1.7199637100341942,-1.4287829912780377,1
1.7372675678628546,-1.414037268834131,1
1.754448200871792,-1.399088099605503,1
1.7715032680549982,-1.3839364766023288,1
1.7884304359752305,-1.3685834193345519,1
1.805227379060149,-1.3530299737595,1
1.8218917798981566,-1.3372772122262213,1
1.8384213295339131,-1.3213262334165496,1
1.8548137277634786,-1.3051781622828948,1
1.8710666834290601,-1.2888341499827607,1
1.8871779147133154,-1.272295373809993,1
1.9031451494331886,-1.2555630371227615,1
1.9189661253332317,-1.2386383692682748,1
1.9346385903783823,-1.2215226255042322,1
1.9501603030461605,-1.2042170869170206,1
1.9655290326182466,-1.186723060336651,1
1.9807425594714079,-1.1690418782484497,1
1.9957986753677333,-1.1511748987015,1
2.010695183744145,-1.1331235052138429,1
2.0254299000011504,-1.1148891066744426,1
2.0400006517907934,-1.0964731372419236,1
2.054405279303776,-1.0778770562400803,1
2.068641635555714,-1.0591023480501722,1
2.0827075866724827,-1.0401505220000082,1
2.0966010121746304,-1.021023112249827,1
2.110319805260811,-1.0017216776749822,1
2.1238618730902097,-0.9822478017454421,1
2.1372251370639233,-0.9626030924021083,1
2.150407533105256,-0.9427891819299665,1
2.163407011938902,-0.922807726828075,1
2.1762215393689757,-0.9026604076764047,1
2.1888490965558542,-0.8823489289995365,1
2.201287680291798,-0.8618750191272289,1
2.213535303275319,-0.8412404300518664,1
2.225589994384249,-0.8204469372828004,1
2.2374497989474897,-0.7994963396975914,1
2.2491127790153986,-0.778390459390169,1
2.260577013628779,-0.7571311415159183,1
2.2718405990864414,-0.7357202541337071,1
2.2829016492112983,-0.714159688044867,1
2.2937582956149654,-0.6924513566291413,1
2.304408687960824,-0.6705971956776149,1
2.314850994225525,-0.6485991632226386,1
2.325083400958884,-0.6264592393647637,1
2.3351041135421498,-0.604179426096702,1
2.344911356444601,-0.5817617471243268,1
2.354503373478446,-0.5592082476847283,1
2.363878428051985,-0.5365209943613433,1
2.3730348034210063,-0.5137020748961736,1
2.3819708029383855,-0.49075359799910895,1
2.3906847503018485,-0.46767769315437463,1
2.39917498979987,-0.44447651042411884,1
2.407439886555677,-0.42115222024915916,1
2.4154778267693193,-0.39770701324690577,1
2.4232872179577782,-0.374143100006481,1
2.4308664891930847,-0.3504627108810528,1
2.438214091338407,-0.32666809577740363,1
2.445328497282087,-0.3027615239427524,1
2.4522082021695835,-0.2787452837488511,1
2.458851723633297,-0.2546216824733761,1
2.465257602020247,-0.23039304607863464,1
2.471424400617563,-0.20606171898760853,1
2.477350705875771,-0.18163006385735544,1
2.4830351276298313,-0.157100461349791,1
2.4884762993179064,-0.13247530989987258,1
2.4936728781978306,-0.10775702548120834,1
2.498623545561243,-0.08294804136911402,1
2.503327006945364,-0.058050807901140526,1
2.5077819923423776,-0.03306779223509629,1
2.5119872564063996,-0.008001478104587978,1
2.5159415786579933,0.01714563442789608,1
2.519643763686212,0.04237102922033528,1
2.523092641348138,0.06767217430293401,1
2.526287066965886,0.09304652213226165,1
2.5292259215210513,0.11849150984774974,1
2.531908111846563,0.14400455953052066,1
2.534332570815935,0.16958307846452142,1
2.536498257529859,0.1952244593999362,1
2.538404157500147,0.22092608081885132,1
2.540049282830965,0.2466853072031446,1
2.5414326723973537,0.27249948930457285,1
2.5425533920210026,0.2983659644170291,1
2.5434105346432463,0.32428205665094184,1
2.5440032204952727,0.350245077209788,1
2.5443305972654997,0.37625232466869135,1
2.5443918402641126,0.4023010852550769,1
2.5441861525847242,0.42838863313135267,1
2.543712765263144,0.45451223067958973,1
2.542970937433228,0.48066912878816986,1
2.5419599564797806,0.5068565671403717,1
2.540679138188497,0.533071774504865,1
2.5391278268929156,0.5593119690280818,1
2.5373053956183558,0.5855743585284353,1
2.5352112462228265,0.6118561407923543,1
2.5328448095348763,0.6381545038721003,1
2.5302055454883687,0.6644666263853406,1
2.527292943254159,0.6907896778164396,1
2.5241065213686493,0.7171208188194411,1
2.5206458278592088,0.7434572015227063,1
2.516910440366429,0.7697959698351762,1
2.512899966263202,0.7961342597542259,1
2.5086140427705987,0.8224691996750775,1
2.5040523370705285,0.8487979107017363,1
2.4992145464151605,0.875117506959422,1
2.494100398233087,0.9014250959084549,1
2.488709650232218,0.9277177786595676,1
2.4830420904993766,0.9539926502906071,1
2.47709753759659,0.9802468001645913,1
2.4708758406540507,1.0064773122490878,1
2.4643768794597345,1.0326812654368775,1
2.457600564545659,1.0588557338678717,1
2.4505468372707644,1.0849977872522427,1
2.443215669900407,1.1111044911947376,1
2.435607065682437,1.1371729075201362,1
2.427721058919864,1.1632000945998173,1
2.4195577150400798,1.1891831076794017,1
2.41111713066063,1.2151189992074287,1
2.4023994336515244,1.2410048191650365,1
2.3934047831940695,1.266837615396607,1
2.3841333698362024,1.292614433941337,1
2.3745854155443338,1.318332319365703,1
2.3647611737516616,1.3439883150967777,1
2.354660929402965,1.3695794637563665,1
2.3442849989958576,1.3951028074959217,1
2.3336337306184887,1.4205553883321995,1
2.322707503983682,1.4459342484836246,1
2.311506730459508,1.4712364307073171,1
2.300031853096268,1.4964589786367548,1
2.288283346649892,1.5215989371200218,1
2.2762617176017375,1.5466533525586137,1
2.2639675041747727,1.5716192732467558,1
2.251401276346151,1.5964937497112015,1
2.2385636358561545,1.6212738350514653,1
2.225455216213507,1.6459565852804576,1
2.2120766826970497,1.6705390596654803,1
2.198428732353766,1.6950183210695469,1
2.184512093993158,1.7193914362929807,1
2.1703275281779626,1.7436554764152656,1
2.1558758272112035,1.767807517137095,1
2.1411578151195765,1.791844639122592,1
2.1261743476331603,1.8157639283416545,1
2.1109263121614474,1.8395624764123897,1
2.095414627765698,1.8632373809435967,1
2.079640245127606,1.8867857458772586,1
2.06360414651428,1.9102046818310028,1
2.04730734573953,1.933491306440495,1
2.0307508881214678,1.9566427447017205,1
2.0139358504364075,1.9796561293131176,1
1.9968633408690764,2.002528601017524,1
1.9795344989591257,2.025257308943892,1
1.9619504955439466,2.047839410948738,1
1.9441125326977928,2.070272073957282,1
1.9260218436672012,2.0925524743042425,1
1.9076796928027242,2.11467779807424,1
1.8890873754869633,2.136645241441777,1
1.8702462180589159,2.158452011010746,1
1.8511575777346272,2.180095324153437,1
1.8318228425241585,2.2015724093489917,1
1.8122434311448714,2.2228805065212742,1
1.79242079293103,2.2440168673761143,1
1.7723564077397287,2.2649787557378844,1
1.7520517858531441,2.2857634478853712,1
1.7315084678771229,2.3063682328868977,1
1.7107280246361063,2.326790412934663,1
1.6897120570643975,2.347027303678254,1
1.6684621960937778,2.3670762345572944,1
1.6469801025374793,2.386934549133186,1
1.6252674669705207,2.406599605419905,1
1.603326009606412,2.426068776213814,1
1.5811574801702368,2.445339449422456,1
1.5587636577681232,2.464409028392274,1
1.5361463507531046,2.4832749322352394,1
1.5133073965873878,2.501934596154327,1
1.490248661701033,2.520385471767819,1
1.4669720413470568,2.538625027432382,1
1.4434794594529679,2.5566507485648837,1
1.4197728684687463,2.574460137962917,1
1.3958542492112804,2.5920507161239774,1
1.3717256107052673,2.6094200215632735,1
1.3473889900205942,2.6265656111301117,1
1.322846452106209,2.6434850603228357,1
1.2981000896204988,2.66017596360227,1
1.2731520227581792,2.676635934703629,1
1.248004399073722,2.6928626069468624,1
1.2226593933013217,2.708853633545389,1
1.1971192071714258,2.7246066879131874,1
1.1713860692238383,2.7401194639702005,1
1.145462234617412,2.7553896764460193,1
1.1193499849363484,2.7704150611818097,1
1.0930516279931184,2.7851933754304397,1
1.0665694976280222,2.7997223981547745,1
1.0399059535054032,2.8139999303240986,1
1.0130633809065375,2.828023795208631,1
0.9860441905192115,2.841791838672095,1
0.9588508182240102,2.8553019294623043,1
0.931485724877332,2.8685519594997344,1
0.9039513960911514,2.8815398441640316,1
0.876250342009546,2.8942635225784414,1
0.8483850970820124,2.9067209578920985,1
0.8203582198335843,2.9189101375601623,1
0.7921722926317813,2.9308290736217493,1
0.763829921450403,2.9424758029756313,1
0.7353337356301929,2.9538483876536654,1
0.7066863876363946,2.964944915091921,1
0.6778905528132191,2.9757634983994614,1
0.6489489291352502,2.98630227662476,1
0.6198642369558067,2.9965594150197004,1
0.5906392187522884,3.0065331053011373,1
0.561276638868527,3.016221565909982,1
0.5317792832541669,3.0256230422677737,1
0.5021499592011014,3.034735807030712,1
0.4723914950769875,3.043558160341107,1
0.44250674005586504,3.0520884300762234,1
0.4124985638459067,3.0603249720944796,1
0.38236985641432353,3.068266170478973,1
0.35212352770945315,3.0759104377782953,1
0.32176250738005685,3.0832562152446092,1
0.29128974449185335,3.0903019730689563,1
0.26070820724131516,3.0970462106137573,1
0.2300208826667572,3.1034874566424815,1
0.19923077635674427,3.1096242695464515,1
0.16834091215584643,3.1154552375687494,1
0.13735433186777116,3.1209789790251987,1
0.10627409495590107,3.126194142522393,1
0.07510327824126696,3.1310994071727314,1
0.043844975597986065,3.135693482806447,1
0.01250229764619525,3.1399751101805857,1
-0.018921628557490012,3.1439430611849106,1
-0.05042365983196017,3.14759613904471,1
-0.08200063718600854,3.150933178520469,1
-0.11364938613510925,3.1539530461043848,1
-0.14536671702054435,3.1566546402137003,1
-0.177149425330848,3.1590368913808153,1
-0.2089942920255353,3.161098762440168,1
-0.24089808386108355,3.1628392487118395,1
-0.27285755371913184,3.164257378181874,1
-0.30486944093686685,3.165352211679272,1
-0.3369304716395608,3.1661228430496435,1
-0.369037359075227,3.16656839932549,1
-0.40118680395136025,3.1666880408930886,1
-0.43337549477372583,3.1664809616559584,1
-0.46560010818716435,3.165946389194883,1
-0.4978573093183751,3.165083584924462,1
-0.5301437521206446,3.1638918442461748,1
-0.5624560797204842,3.1623704966979247,1
-0.5947909247661389,3.1605189061000503,1
-0.6271449097779361,3.158336470697769,1
-0.6595146475004309,3.155822623300048,1
-0.6918967412563182,3.152976831414862,1
-0.7242877853020702,3.1497985973808293,1
-0.7566843651852643,3.1462874584952005,1
-0.7890830581035619,3.142442987138183,1
-0.8214804332653038,3.13826479089357,1
-0.853873052251681,3.133752512665672,1
-0.8862574693804436,3.1289058307925135,1
-0.9186302320711118,3.1237244591552873,1
-0.9509878812116467,3.1182081472840455,1
-0.9833269515265457,3.112356680459604,1
-1.0156439719463193,3.10616987981165,1
-1.0479354659783149,3.0996476024130275,1
-1.0801979520788445,3.09278974137019,1
-1.112427944026578,3.085596225909802,1
-1.1446219512971625,3.078067021461471,1
-1.1767764794390259,3.0702021297365927,1
-1.2088880304503276,3.0620015888033016,1
-1.2409531031570133,3.0534654731575066,1
-1.2729681935919328,3.0445938937899926,1
-1.3049297953749825,3.0353869982495842,1
-1.336834400094231,3.0258449707023516,1
-1.3686784976879838,3.015968031986841,1
-1.400458576827749,3.005756439665332,1
-1.432171125302063,2.995210488071087,1
-1.4638126304011294,2.984330508351604,1
-1.4953795793022366,2.973116868507843,1
-1.5268684594559052,2.9615699734294254,1
-1.5582757589727294,2.9496902649257906,1
-1.589597967010864,2.937478221753303,1
-1.6208315741641206,2.9249343596382937,1
-1.6519730728506248,2.91205923129604,1
-1.6830189577019965,2.898853426445653,1
-1.713965725953008,2.88531757182089,1
-1.7448098778316772,2.8714523311768603,1
-1.7755479169497546,2.857258405292634,1
-1.8061763506935564,2.8427365319697366,1
-1.8366916906151096,2.827887486026526,1
-1.8670904528235535,2.81271207928845,1
-1.8973691583767651,2.797211160574164,1
-1.9275243336731598,2.781385615677528,1
-1.9575525108436211,2.765236367345448,1
-1.9874502281435267,2.7487643752515893,1
-2.01721403034481,2.7319706359659257,1
-2.0468404691280306,2.714856182920149,1
-2.0763261034743987,2.6974220863689164,1
-2.105667500057714,2.6796694533469445,1
-2.1348612336361725,2.6615994276219435,1
-2.1639038874440026,2.643213189643384,1
-2.192792053582876,2.624511956487112,1
-2.2215223334130654,2.6054969817957927,1
-2.2500913379442844,2.586169555715193,1
-2.278495688226186,2.5665310048262997,1
-2.306732015738461,2.5465826920732804,1
-2.3347969627804943,2.526326016687275,1
-2.3626871828605465,2.5057624141060364,1
-2.3903993410843967,2.4848933558894033,1
-2.4179301145434215,2.4637203496306266,1
-2.4452761927020528,2.442244938863539,1
-2.4724342777845765,2.4204687029655805,1
-2.4994010851612263,2.3983932570566697,1
-2.5261733437335283,2.376020251893949,1
-2.5527477963188487,2.3533513737623797,1
-2.5791212000341117,2.3303883443612188,1
-2.6052903266786256,2.307132920686365,1
-2.631251963115992,2.2835868949085905,1
-2.657002911655038,2.2597520942476566,1
-2.6825399904297385,2.2356303808423337,1
-2.7078600337780783,2.211223651616318,1
-2.7329598926198133,2.1865338381400634,1
-2.7578364348330844,2.1615629064885344,1
-2.7824865456298435,2.1363128570948873,1
-2.806907127930042,2.1107857246000936,1
-2.831095102734547,2.0849835776985106,1
-2.855047409496735,2.0589085189794134,1
-2.878761006492717,2.0325626847644966,1
-2.9022328711901624,2.005948244941361,1
-2.9254600006156664,1.9790674027929933,1
-2.9484394117206265,1.9519223948232538,1
-2.9711681417455775,1.9245154905783817,1
-2.993643248582952,1.8968489924645364,1
-3.0158618111382096,1.8689252355613848,1
-3.037820929689305,1.8407465874317477,1
-3.059517726244447,1.8123154479273271,1
-3.080949344898102,1.7836342489905197,1
-3.1021129521852093,1.7547054544523382,1
-3.123005737433552,1.7255315598264593,1
-3.1436249131142606,1.6961150920994061,1
-3.163967715190384,1.6664586095168894,1
-3.1840314034635053,1.636564701366323,1
-3.2038132619183557,1.60643598775553,1
-3.2233105990653756,1.5760751193876605,1
-3.2425207482811946,1.5454847773323366,1
-3.26144106814698,1.5146676727930468,1
-3.280068942784621,1.4836265468708085,1
-3.298401782190696,1.452364170324118,1
-3.316437022568195,1.4208833433252093,1
-3.334172126655952,1.3891868952126436,1
-3.35160458405574,1.3572776842402485,1
-3.368731911556998,1.3251585973224316,1
-3.385551653459151,1.292832549775889,1
-3.402061381891474,1.2603024850577327,1
-3.418258697130464,1.227571374500059,1
-3.434141227914692,1.194642217040982,1
-3.4497066317570764,1.1615180389521573,1
-3.4649525952545575,1.1282018935628177,1
-3.479876834395118,1.09469686098035,1
-3.49447709486213,1.0610060478074335,1
-3.50875115233597,1.0271325868557697,1
-3.5226968127928813,0.9930796368564285,1
-3.536311912801038,0.9588503821668344,1
-3.54959431981377,0.9244480324744264,1
-3.562541932459924,0.8898758224970107,1
-3.5751526808313083,0.8551370116798417,1
-3.587424526767201,0.8202348838894536,1
-3.59935546413587,0.7851727471042761,1
-3.610943519113083,0.7499539331020587,1
-3.622186750457557,0.7145817971441366,1
-3.63308324978333,0.6790597176565663,1
-3.643631141829002,0.6433910959081612,1
-3.6538285847238186,0.6075793556854592,1
-3.6636737702505697,0.5716279429646502,1
-3.673164924105254,0.535540325580499,1
-3.682300306153487,0.49931999289229173,1
-3.6910782106836164,0.4629704554468403,1
-3.6994969666565076,0.4264952446385759,1
-3.707554937951973,0.3898979123667655,1
-3.715250523611805,0.35318203068988374,1
-3.722582158079388,0.3163511914771748,1
-3.7295483114358525,0.2794090060574367,1
-3.73614748963274,0.2423591048650643,1
-3.7423782347211527,0.2052051370833839,1
-3.748239125077346,0.16795077028531558,1
-3.753728775624749,0.13059969007139818,1
-3.758845838052365,0.09315559970521285,1
-3.7635890010295387,0.05562221974624097,1
-3.767956990417052,0.01800328768019325,1
-3.771948569474513,-0.019697442453153725,1
-3.77556253906403,-0.05747620043457611,1
-3.7787977378501165,-0.09532920024243935,1
-3.78165304249582,-0.1332526404321149,1
-3.7841273678550347,-0.17124270451773915,1
-3.7862196671609776,-0.20929556135627614,1
-3.7879289322107965,-0.24740736553384549,1
-3.7892541935462862,-0.28557425775427653,1
-3.790194520630687,-0.32379236522984933,1
-3.790749022021536,-0.3620578020741835,1
-3.7909168455395545,-0.4003666696972339,1
-3.7906971784335344,-0.4387150572023543,1
-3.790089247541209,-0.47709904178538826,1
-3.789092319446083,-0.5155146891357455,1
-3.787705700630193,-0.5539580538394238,1
-3.785928737622777,-0.5924251797839359,1
-3.7837608171448363,-0.6309121005650978,1
-3.7812013662495576,-0.6694148398956379,1
-3.7782498524585812,-0.707929412015585,1
-3.7749057838940896,-0.7464518221043936,1
-3.771168709406698,-0.7849780666947609,1
-3.76703821869912,-0.8235041340880961,1
-3.7625139424456013,-0.8620260047715983,1
-3.7575955524070848,-0.900539651836897,1
-3.752282761542102,-0.9390410414002155,1
-3.7465753241133624,-0.9775261330240106,1
-3.7404730357900293,-1.0159908801400457,1
-3.7339757337456567,-1.054431230473854,1
-3.727083296751779,-1.0928431264705443,1
-3.7197956452671255,-1.1312225057219094,1
-3.7121127415224535,-1.1695653013947873,1
-3.7040345896009774,-1.2078674426606348,1
-3.69556123551438,-1.2461248551262643,1
-3.6866927672743888,-1.2843334612656996,1
-3.6774293149599075,-1.3224891808531087,1
-3.667771050779684,-1.3605879313967604,1
-3.6577181891304993,-1.3986256285739667,1
-3.647270986650873,-1.436598186666958,1
-3.63642974227026,-1.47450151899965,1
-3.6251947972537373,-1.5123315383752525,1
-3.6135665352421618,-1.5500841575146755,1
-3.60154538228779,-1.5877552894956835,1
-3.589131806885348,-1.6253408481927536,1
-3.5763263199985458,-1.6628367487175892,1
-3.563129475082016,-1.700238907860241,1
-3.549541868098677,-1.737543244530789,1
-3.5355641375325098,-1.7747456802015396,1
-3.5211969643967342,-1.8118421393496862,1
-3.5064410722373833,-1.8488285499003887,1
-3.4912972271322626,-1.8857008436702247,1
-3.475766237685296,-1.9224549568109592,1
-3.459848955016238,-1.9590868302535929,1
-3.4435462727457624,-1.9955924101526321,1
-3.426859126975907,-2.0319676483305407,1
-3.4097884962658807,-2.0682085027223174,1
-3.3923354016032197,-2.1043109378201565,1
-3.3745009063702986,-2.14027092511814,1
-3.3562861163061792,-2.176084443556914,1
-3.3376921794638124,-2.2117474799683,1
-3.318720286162568,-2.247256029519791,1
-3.299371668936114,-2.282606096158891,1
-3.2796476024756256,-2.3177936930572334,1
-3.2595494035683314,-2.3528148430544507,1
-3.2390784310313965,-2.387665579101727,1
-3.218236085641141,-2.4223419447049963,1
-3.1970238100575914,-2.4568399943677317,1
-3.1754430887443714,-2.491155794033283,1
-3.1534954478839317,-2.525285421526705,1
-3.13118245528812,-2.5592249669960325,1
-3.1085057203040924,-2.5929705333529567,1
-3.085466893715574,-2.626518236712844,1
-3.062067667639467,-2.6598642068340568,1
-3.0383097754178183,-2.693004587556526,1
-3.014194991505138,-2.725935537239519,1
-2.9897251313510886,-2.758653229198566,1
-2.9649020512785413,-2.791153852141486,1
-2.9397276483570094,-2.823433610603465,1
-2.914203860271465,-2.8554887253811465,1
-2.8883326651865415,-2.8873154339656684,1
-2.8621160816061444,-2.9189099909746163,1
-2.8355561682284534,-2.9502686685828308,1
-2.808655023796354,-2.9813877569520266,1
-2.781414786943284,-3.012263564659171,1
-2.753837636034519,-3.0428924191235778,1
-2.725925789003898,-3.073270667032665,1
-2.6976815031860104,-3.1033946747663257,1
-2.6691070751438457,-3.133260828819871,1
-2.6402048404919216,-3.1628655362254876,1
-2.610977173714907,-3.19220522497217,1
-2.581426487981744,-3.221276344424077,1
-2.551555234955291,-3.2500753657372554,1
-2.5213659045974954,-3.2785987822747007,1
-2.490861024970116,-3.3068431100196936,1
-2.460043162030998,-3.334804887987364,1
-2.4289149194259347,-3.36248067863445,1
-2.397478938276112,-3.3898670682671805,1
-2.3657378969611678,-3.416960667447261,1
-2.333694510897875,-3.4437581113958924,1
-2.301351532314468,-3.470256060395792,1
-2.2687117500206284,-3.49645120019116,1
-2.235777989173155,-3.5223402423855514,1
-2.2025531110373273,-3.5479199248376014,1
-2.1690400127439897,-3.573187012054562,1
-2.135241627042374,-3.5981382955836048,1
-2.10116092204868,-3.622770594400836,1
-2.066800900990435,-3.6470807552979916,1
-2.0321646019466533,-3.671065653266752,1
-1.9972550975838224,-3.694722191880639,1
-1.9620754948877308,-3.718047303674457,1
-1.9266289348911656,-3.7410379505212137,1
-1.890918592397501,-3.763691124006496,1
-1.854947675700202,-3.7860038458002445,1
-1.8187194262982704,-3.807973168025887,1
-1.782237118607652,-3.8295961736267845,1
-1.7455040596686353,-3.8508699767299497,1
-1.7085235888492671,-3.871791723006989,1
-1.671299077544808,-3.8923585900322286,1
-1.6338339288732573,-3.912567787637982,1
-1.5961315773669753,-3.9324165582669144,1
-1.5581954886604263,-3.9519021773214584,1
-1.5200291591740753,-3.971021953510247,1
-1.4816361157944646,-3.989773229191513,1
-1.443019915550499,-4.008153380713419,1
-1.40418414528597,-4.026159818751273,1
-1.3651324213283489,-4.043789988641593,1
-1.3258683891538774,-4.061041370712969,1
-1.2863957230489909,-4.077911480613701,1
-1.2467181257680997,-4.094397869636149,1
-1.2068393281877656,-4.110498125037775,1
-1.1667630889573009,-4.126209870358823,1
-1.1264931941458267,-4.1415307657366105,1
-1.0860334568858212,-4.156458508216385,1
-1.0453877170131922,-4.170990832058695,1
-1.0045598407039056,-4.185125509043268,1
-0.963553720107209,-4.198860348769329,1
-0.9223732729754784,-4.212193198952326,1
-0.881022442290731,-4.225121945717046,1
-0.8395051958878303,-4.237644513887055,1
-0.7978255260744295,-4.249758867270445,1
-0.7559874492476804,-4.261463008941846,1
-0.7139950055077515,-4.272754981520669,1
-0.6718522582681883,-4.283632867445533,1
-0.6295632938631543,-4.294094789244862,1
-0.5871322211515925,-4.304138909803597,1
-0.5445631711183414,-4.313763432625997,1
-0.5018602964722501,-4.322966602094501,1
-0.45902777124132604,-4.331746703724596,1
-0.41606979036495856,-4.3401020644156905,1
-0.37299056928325547,-4.348031052697925,1
-0.32979434352353504,-4.355532078974916,1
-0.28648536828401283,-4.362603595762379,1
-0.2430679180147237,-4.36924409792262,1
-0.1995462859957219,-4.375452122894841,1
-0.1559247839125993,-4.381226250921249,1
-0.1122077414293645,-4.386565105268924,1
-0.0683995057587251,-4.391467352447426,1
-0.024504441229815394,-4.395931702422099,1
0.019473071146586977,-4.399956908823057,1
0.06352863411531262,-4.403541769149815,1
0.10765783461647632,-4.406685124971527,1
0.15185624422753335,-4.409385862122835,1
0.19611941960767193,-4.411642910895257,1
0.24044290294449727,-4.413455246224123,1
0.28482222240296223,-4.414821887871021,1
0.32925289257649953,-4.415741900601711,1
0.3737304149403097,-4.416214394359511,1
0.418250278306759,-4.416238524434104,1
0.46280795928284224,-4.415813491625755,1
0.507398922729662,-4.414938542404907,1
0.5520186222238799,-4.413612969067137,1
0.596662500521091,-4.411836109883446,1
0.6413259900210765,-4.409607349245856,1
0.6860045132348833,-4.4069261178083,1
0.7306934832536882,-4.403791892622784,1
0.7753883042193934,-4.400204197270774,1
0.8200843717969083,-4.396162601989834,1
0.8647770736480687,-4.391666723795447,1
0.9094617899071422,-4.386716226598029,1
0.9541338936578757,-4.381310821315101,1
0.99878875141203,-4.375450265978616,1
1.0434217235893568,-4.369134365837397,1
1.0880281649989652,-4.362362973454698,1
1.1326034253220307,-4.355135988800847,1
1.1771428495957938,-4.347453359340962,1
1.2216417786987994,-4.339315080117731,1
1.266095549837327,-4.330721193829226,1
1.3104994970329595,-4.321671790901742,1
1.3548489516112407,-4.312167009557657,1
1.399139242691371,-4.302207035878274,1
1.4433656976768867,-4.29179210386165,1
1.4875236427472798,-4.280922495475403,1
1.5316084033504922,-4.269598540704459,1
1.5756153046962504,-4.25782061759375,1
1.6195396722501734,-4.2455891522858495,1
1.6633768322286104,-4.232904619053516,1
1.7071221120941535,-4.219767540327152,1
1.7507708410517737,-4.206178486717168,1
1.7943183505455254,-4.192138077031224,1
1.8377599747557707,-4.177646978286357,1
1.8810910510968675,-4.162705905715985,1
1.92430692071527,-4.1473156227717665,1
1.967402928987988,-4.131476941120321,1
2.0103744260213516,-4.1151907206348,1
2.05321676715003,-4.098457869381289,1
2.095925313436249,-4.081279343600067,1
2.1384954321691554,-4.063656147681677,1
2.180922497364271,-4.045589334137835,1
2.223201890262988,-4.027080003567162,1
2.2653289998320525,-4.008129304615723,1
2.307299223262973,-3.9887384339323995,1
2.3491079664713115,-3.9689086361190555,1
2.3907506445957982,-3.9486412036755345,1
2.432222682497215,-3.927937476939449,1
2.4735195152569966,-3.90679884402079,1
2.5146365886754922,-3.8852267407313392,1
2.5555693597698355,-3.863222650508895,1
2.5963132972713727,-3.8407881043362995,1
2.6368638821225856,-3.817924680655287,1
2.6772166079734645,-3.7946340052751366,1
2.717366981677268,-3.7709177512761447,1
2.75731052378563,-3.7467776389079153,1
2.7970427690429402,-3.72221543548247,1
2.836559266879961,-3.6972329552621868,1
2.8758555819066185,-3.671832059342569,1
2.914927294403912,-3.646014655529847,1
2.953770000814898,-3.6197826982134287,1
2.9923793142346797,-3.593138188233193,1
3.030750864899364,-3.5660831727416396,1
3.0688803006739165,-3.538619745060904,1
3.106763287538873,-3.5107500445346385,1
3.144395510075851,-3.482476256374785,1
3.1817726719518,-3.453800611503219,1
3.218890496401944,-3.424725386388308,1
3.2557447267113657,-3.3952529028763716,1
3.2923311266951667,-3.3653855280180642,1
3.3286454811771633,-3.335125673889687,1
3.364683596467056,-3.304475797409447,1
3.400441300836023,-3.2734384001486707,1
3.435914444990685,-3.2420160281379897,1
3.4710989025453842,-3.210211271668501,1
3.5059905704927306,-3.1780267650879415,1
3.5405853696723555,-3.145465186591854,1
3.5748792452378297,-3.1125292580098036,1
3.6088681671216807,-3.0792217445866172,1
3.6425481304984677,-3.0455454547586975,1
3.6759151562458556,-3.011503239925411,1
3.70896529140364,-2.9770979942155664,1
3.7416946096306667,-2.9423326542490127,1
3.7740992116595993,-2.907210198893367,1
3.806175225749477,-2.871733649015893,1
3.8379188081360147,-2.83590606723055,1
3.8693261434795976,-2.799730557640237,1
3.9003934453109106,-2.763210265574245,1
3.9311169564741566,-2.7263483773209476,1
3.9614929495678153,-2.6891481198557443,1
3.9915177273828877,-2.6516127605642827,1
4.021187623338575,-2.6137456069609857,1
4.0504990019153455,-2.5755500064028984,1
4.079448259085343,-2.537029345798889,1
4.108031822740071,-2.498187051314225,1
4.136246153115326,-2.4590265880705386,1
4.16408774321331,-2.419551459841234,1
4.191553119221887,-2.37976520874233,1
4.2186388409309306,-2.3396714149187887,1
4.245341502145706,-2.2992736962263502,1
4.271657731097257,-2.2585757079088973,1
4.297584190849724,-2.2175811422713836,1
4.323117579704577,-2.176293728348352,1
4.348254631601681,-2.134717231568073,1
4.372992116517178,-2.0928554534123305,1
4.39732684085812,-2.0507122310718935,1
4.421255647853808,-2.0082914370976916,1
4.444775417943803,-1.965596979047739,1
4.467883069162543,-1.9226327991298289,1
4.49057555752054,-1.8794028738400361,1
4.512849877382103,-1.83591121359706,1
4.534703061839534,-1.7921618623724385,1
4.556132183083766,-1.7481588973166695,1
4.577134352771398,-1.7039064283812764,1
4.597706722388059,-1.659408597936843,1
4.617846483608103,-1.6146695803870663,1
4.637550868650536,-1.5696935817788542,1
4.656817150631178,-1.524484839408503,1
4.675642643911001,-1.4790476214240003,1
4.694024704440582,-1.433386226423481,1
4.711960730100665,-1.3875049830498798,1
4.729448161038757,-1.3414082495818163,1
4.746484480001742,-1.295100413520752,1
4.763067212664453,-1.2485858911744547,1
4.779193927954172,-1.2018691272368183,1
4.794862238371021,-1.1549545943640656,1
4.810069800304184,-1.1078467927473865,1
4.824814314343958,-1.0605502496820443,1
4.839093525589544,-1.0130695191329935,1
4.852905223952591,-0.9654091812970532,1
4.866247244456415,-0.9175738421616741,1
4.879117467530879,-0.8695681330603442,1
4.891513819302881,-0.821396710224675,1
4.903434271882433,-0.7730642543332126,1
4.914876843644266,-0.7245754700570153,1
4.925839599504953,-0.6759350856020444,1
4.9363206511955,-0.6271478522484105,1
4.946318157529366,-0.5782185438865204,1
4.955830324665896,-0.5291519565501723,1
4.964855406369102,-0.4799529079466413,1
4.973391704261801,-0.43062623698380365,1
4.981437568075027,-0.3811768032943457,1
4.988991395892723,-0.3316094867571041,1
4.996051634391668,-0.28192918701558384,1
5.0026167790765985,-0.23214082299370306,1
5.008685374510506,-0.18224933240881083,1
5.014256014540071,-0.13225967128202754,1
5.0193273425162035,-0.08217681344595529,1
5.0238980515096685,-0.03200575004980808,1
5.027966884521758,0.018248510937989515,1
5.03153263468998,0.06858094522968543,1
5.034594145488739,0.11898651272051504,1
5.03715031092499,0.16946015799339775,1
5.039200075728813,0.21999681082596473,1
5.040742435538906,0.27059138669986693,1
5.041776437082962,0.32123878731231204,1
5.042301178352894,0.37193390108977936,1
5.042315808774898,0.42267160370386037,1
5.041819529374316,0.4734467585891731,1
5.040811592935286,0.5242542174632985,1
5.039291304155149,0.5750888208486845,1
5.03725801979358,0.6259453985964673,1
5.034711148816444,0.6768187704121551,1
5.031650152534334,0.7277037463831207,1
5.028074544735772,0.7785951275078504,1
5.023983891815066,0.8294877062268939,1
5.019377812894778,0.8803762669554629,1
5.0142559799428135,0.9312555866176218,1
5.008618117884081,0.9821204351820162,1
5.002464004706727,1.0329655761990872,1
4.995793471562916,1.0837857673397115,1
4.988606402864135,1.1345757609352165,1
4.980902736371023,1.1853303045187102,1
4.972682463277683,1.2360441413676762,1
4.963945628290478,1.2867120110477712,1
4.954692329701297,1.3373286499577743,1
4.9449227194552545,1.3878887918756273,1
4.934637003212844,1.4383871685055118,1
4.923835440406489,1.4888185100259088,1
4.912518344291524,1.5391775456385766,1
4.900686081991548,1.589459004118398,1
4.888339074538177,1.6396576143640342,1
4.875477796905153,1.6897681059493295,1
4.862102778036823,1.7397852096754107,1
4.848214600870958,1.7897036581234218,1
4.8338139023559155,1.8395181862078358,1
4.818901373462133,1.8892235317302863,1
4.803477759187934,1.9388144359338628,1
4.787543858559658,1.9882856440578072,1
4.771100524626089,2.0376319058925554,1
4.754148664447178,2.0868479763350702,1
4.736689239077071,2.1359286159443944,1
4.718723263541412,2.18486859149738,1
4.700251806808927,2.2336626765445273,1
4.681275991757299,2.282305651965871,1
4.661796995133295,2.330792306526865,1
4.641816047507178,2.379117437434199,1
4.621334433221385,2.42727585089149,1
4.600353490333461,2.4752623626547883,1
4.578874610553266,2.523071798587843,1
4.55689923917444,2.570698995217063,1
4.534428875000133,2.6181388002861175,1
4.511465070262996,2.6653860733101125,1
4.488009430539436,2.7124356861292913,1
4.464063614658141,2.759282523462192,1
4.439629334602864,2.8059214834582074,1
4.41470835540949,2.8523474782494866,1
4.3893024950573665,2.8985554345021156,1
4.363413624354913,2.944540293966527,1
4.337043666819526,2.990297014027067,1
4.310194598551755,3.035820568250671,1
4.282868448103783,3.081105946934581,1
4.255067296342207,3.1261481576530503,1
4.226793276305126,3.1709422258029734,1
4.19804857305354,3.2154831951483853,1
4.168835423517079,3.2597661283637662,1
4.139156116334066,3.3037861075760953,1
4.109012991685914,3.347538234905598,1
4.078408441125886,3.3910176330051174,1
4.047344907402212,3.4342194455980644,1
4.015824884275587,3.477138838014878,1
3.9838509163310514,3.5197709977279388,1
3.9514255987842697,3.562111134884881,1
3.9185515772822335,3.6041544828402396,1
3.8852315476983774,3.6458962986853782,1
3.851468255922147,3.6873318637766355,1
3.8172644976430212,3.728456484261635,1
3.782623118129003,3.7692654916036985,1
3.7475470119996044,3.809754243104309,1
3.7120391229933354,3.8499181224235546,1
3.6761024437297176,3.889752540098513,1
3.639740015465834,3.9292529340595013,1
3.6029549278474486,3.968414770144145,1
3.565750318654698,4.007233542609207,1
3.5281293735423844,4.045704774640116,1
3.4900953257748935,4.08382401885814,1
3.4516514559557443,4.121586857825149,1
3.4128010917518163,4.158988904545912,1
3.3735476076122435,4.1960258029678625,1
3.333894424482038,4.232693228478289,1
3.2938450095104277,4.268986888398889,1
3.25340287575396,4.304902522477627,1
3.212571581874383,4.340435903377849,1
3.1713547318313364,4.375582837164593,1
3.1297559745698673,4.410339163788038,1
3.087779003702812,4.444700757564047,1
3.045427557188061,4.478663527651737,1
3.0027054170007323,4.512223418528031,1
2.9596164088002936,4.545376410459136,1
2.9161644015926504,4.578118519968886,1
2.872353307387234,4.610445800303907,1
2.828187080849118,4.642354341895548,1
2.7836697189461965,4.673840272818521,1
2.7388052605914526,4.704899759246193,1
2.693597786280347,4.735529005902499,1
2.6480514177233645,4.765724256510396,1
2.602170317473745,4.795481794236828,1
2.5559586885504366,4.824797942134137,1
2.5094207740563017,4.853669063577876,1
2.4625608567916113,4.882091562700973,1
2.4153832588628656,4.910061884824188,1
2.3678923412869697,4.937576516882828,1
2.320092503590805,4.9646319878496525,1
2.2719881834062337,4.991224869153931,1
2.223583856060571,5.017351775096603,1
2.17488403416256,5.043009363261485,1
2.1258932671838933,5.068194334922489,1
2.0766161410363186,5.092903435446782,1
2.02705727764436,5.117133454693872,1
1.977221334513707,5.140881227410533,1
1.927113004295299,5.164143633621565,1
1.8767370143451565,5.1869175990163,1
1.8260981262799894,5.2092000953308455,1
1.775201135528637,5.230988140725996,1
1.7240508708793678,5.252278800160771,1
1.6726521940230923,5.273069185761543,1
1.6210099990925273,5.293356457186706,1
1.5691292121973548,5.31313782198684,1
1.5170147909554237,5.332410535960319,1
1.4646717240200309,5.351171903504346,1
1.4121050306033358,5.369419277961341,1
1.359319759995949,5.3871500619606545,1
1.3063209910827398,5.404361707755572,1
1.2531138318549113,5.421051717555553,1
1.1997034189183906,5.437217643853668,1
1.146094916998578,5.452857089749201,1
1.0922935184415061,5.467967709265369,1
1.0383044427114554,5.482547207662123,1
0.9841329358850749,5.496593341743984,1
0.9297842701420576,5.5101039201628925,1
0.8752637432524191,5.523076803716007,1
0.8205766780604304,5.535509905638447,1
0.7657284219652536,5.547401191890907,1
0.7107243463983326,5.558748681442139,1
0.65556984629759,5.569550446546238,1
0.6002703395784788,5.579804613014723,1
0.5448312666019449,5.589509360483347,1
0.48925808963935014,5.5986629226736335,1
0.43355629233440773,5.607263587649082,1
0.3777313791621859,5.6153096980660155,1
0.32178887488523034,5.622799651419043,1
0.2657343240068609,5.629731900281097,1
0.209573290221696,5.636104952538024,1
0.1533113558634588,5.641917371617675,1
0.09695412135012094,5.647167776713492,1
0.04050720462643837,5.651854843002545,1
-0.016023759396065478,5.655977301857989,1
-0.0726331194016128,5.65953394105592,1
-0.1293152082351249,5.662523604976588,1
-0.18606434346955963,5.664945194799963,1
-0.24287482797557586,5.66679766869559,1
-0.29974095049346794,5.668080042006747,1
-0.3566569862073128,5.668791387428844,1
-0.4136171973212719,5.668930835182064,1
-0.47061583363798976,5.6684975731781995,1
-0.5276471331390313,5.667490847181676,1
-0.5847053225672993,5.665909960964732,1
-0.6417846180113725,5.6637542764567295,1
-0.6988792254917058,5.6610232138875745,1
-0.755983341548633,5.657716251925228,1
-0.8130911538321128,5.65383292780728,1
-0.8701968416931576,5.649372837466574,1
-0.9272945767768843,5.644335635650846,1
-0.9843785236171287,5.638721036036383,1
-1.0414428402325615,5.63252881133565,1
-1.0984816787242437,5.625758793398897,1
-1.1554891858745646,5.61841087330971,1
-1.2124595037474954,5.6104850014744905,1
-1.2693867702901014,5.601981187705854,1
-1.3262651199352495,5.592899501299926,1
-1.3830886842054486,5.583240071107515,1
-1.4398515923177604,5.573003085599165,1
-1.4965479717897214,5.562188792924047,1
-1.5531719490462097,5.550797500962703,1
-1.6097176500271944,5.538829577373609,1
-1.6661792007963092,5.526285449633556,1
-1.7225507281501822,5.513165605071831,1
-1.778826360228459,5.499470590898195,1
-1.8350002271244614,5.485201014224632,1
-1.891066461496411,5.470357542080882,1
-1.9470191991791572,5.4549409014237265,1
-2.0028525797963495,5.438951879140029,1
-2.0585607473729843,5.422391322043524,1
-2.1141378509482647,5.405260136865346,1
-2.1695780451887114,5.3875592902382845,1
-2.224875491001459,5.369289808674767,1
-2.280024356147669,5.350452778538571,1
-2.3350188158560057,5.331049346010231,1
-2.3898530534360987,5.311080717046188,1
-2.4445212608919396,5.290548157331617,1
-2.499017639535133,5.269452992226985,1
-2.5533364005979573,5.247796606708299,1
-2.6074717658461495,5.22558044530106,1
-2.661417968191365,5.202806012007924,1
-2.7151692523032422,5.17947487023006,1
-2.7687198752210054,5.155588642682213,1
-2.8220641069645427,5.13114901130147,1
-2.875196231144896,5.106157717149737,1
-2.928110545574096,5.080616560309919,1
-2.9808013628742764,5.054527399775816,1
-3.033263011086008,5.027892153335735,1
-3.08548983427578,5.000712797449822,1
-3.137476193142569,4.972991367121122,1
-3.189216465623434,4.944729955760371,1
-3.2407050474980594,4.915930715044526,1
-3.291936352992199,4.886595854769043,1
-3.3429048153799443,4.856727642693911,1
-3.3936048875847544,4.8263284043834425,1
-3.4440310427791867,4.7954005230398495,1
-3.4941777749832608,4.763946439330587,1
-3.5440395996613936,4.7319686512095,1
-3.593611054317835,4.699469713731773,1
-3.64288669909055,4.666452238862697,1
-3.691861117343478,4.6329188952802625,1
-3.740528916257098,4.598872408171596,1
-3.7888847274172512,4.564315559023259,1
-3.8369232074021435,4.529251185405414,1
-3.884639038367471,4.493682180749874,1
-3.9320269286296035,4.457611494122063,1
-3.979081613246762,4.4210421299868905,1
-4.025797854598128,4.383977147968563,1
-4.072170442960817,4.346419662604356,1
-4.118194197084664,4.30837284309235,1
-4.163863964764744,4.269839913033167,1
-4.209174623411574,4.230824150165719,1
-4.254121080618935,4.191328886096989,1
-4.298698274729245,4.15135750602586,1
-4.3429011753964195,4.110913448461038,1
-4.386724784146178,4.070000204933051,1
-4.430164134933703,4.028621319700393,1
-4.473214294698607,3.9867803894497933,1
-4.515870363917161,3.94448106299068,1
-4.558127477151688,3.9017270409438143,1
-4.599980803597093,3.8585220754241667,1
-4.6414255476244515,3.8148699697180284,1
-4.682456949321598,3.7707745779544064,1
-4.723070285030666,3.726239804770717,1
-4.763260867882495,3.681269604972809,1
-4.80302404832788,3.635867983189353,1
-4.84235521466557,3.5900389935206136,1
-4.881249793566974,3.543786739181648,1
-4.919703250597517,3.49711537213995,1
-4.957711090734578,3.4500290927475783,1
-4.995268858881958,3.402532149367799,1
-5.032372140380823,3.3546288379962754,1
-5.069016561517054,3.306323501876838,1
-5.105197790024958,3.257620531111869,1
-5.140911535587275,3.2085243622673287,1
-5.176153550331427,3.1590394779724793,1
-5.210919629321956,3.1091704065143158,1
-5.245205611049087,3.0589217214267563,1
-5.279007377913373,3.0082980410746267,1
-5.312320856706345,2.9573040282324734,1
-5.345142019087146,2.9059443896582446,1
-5.377466882055056,2.8542238756618787,1
-5.409291508417879,2.802147279668836,1
-5.440612007256137,2.7497194377786207,1
-5.471424534383,2.696945228318325,1
-5.501725292799923,2.643829571391242,1
-5.531510533147917,2.5903774284205863,1
-5.560776554154407,2.536593801688365,1
-5.589519703075642,2.4824837338694423,1
-5.617736376134577,2.428052307560841,1
-5.645423018954196,2.373304644806322,1
-5.672576126986219,2.318245906616291,1
-5.699192245935147,2.26288129248307,1
-5.725267972177585,2.207216039891588,1
-5.750799953176808,2.1512554238255293,1
-5.775784887892507,2.095004756268987,1
-5.800219527185674,2.038469385703674,1
-5.824100674218588,1.9816546966017323,1
-5.847425184849824,1.924566108914191,1
-5.870189968024276,1.8672090775551229,1
-5.892391986158118,1.8095890918815487,1
-5.914028255518673,1.7517116751691326,1
-5.935095846599139,1.6935823840837292,1
-5.955591884488125,1.635206808148823,1
-5.975513549233955,1.5765905692089157,1
-5.994858076203699,1.5177393208889136,1
-6.013622756436883,1.4586587480495654,1
-6.031804936993827,1.3993545662389997,1
-6.0494020212985955,1.339832521140423,1
-6.066411469476481,1.2800983880160244,1
-6.082830798686012,1.2201579711471418,1
-6.098657583445422,1.160017103270748,1
-6.1138894559535535,1.0996816450123075,1
-6.1285241064051466,1.039157484315058,1
-6.142559283300485,0.9784505358657783,1
-6.155992793749341,0.917566740517091,1
-6.16882250376921,0.8565120647063612,1
-6.181046338577758,0.795292499871248,1
-6.192662282879492,0.7339140618619613,1
-6.203668381146571,0.6723827903502899,1
-6.214062737893754,0.6107047482354495,1
-6.223843517947437,0.5488860210468159,1
-6.233008946708738,0.48693271634359975,1
-6.24155731041061,0.4248509631115213,1
-6.2494869563689415,0.36264691115654674,1
-6.256796293227601,0.3003267304957441,1
-6.263483791197419,0.2378966107453202,1
-6.269547982289046,0.17536276050589958,1
-6.274987460539675,0.11273140674510504,1
-6.279800882233592,0.05000879417750282,1
-6.28398696611652,-0.01279881535802683,1
-6.287544493603739,-0.07568514352343138,1
-6.290472308981938,-0.13864389610907749,1
-6.292769319604779,-0.20166876366372957,1
-6.294434496082151,-0.26475342212685277,1
-6.2954668724630745,-0.32789153346317595,1
-6.295865546412237,-0.39107674629945244,1
-6.29562967938014,-0.4543026965633535,1
-6.294758496766814,-0.51756300812443,1
-6.2932512880791025,-0.5808512934370802,1
-6.291107407081464,-0.644161154185454,1
-6.288326271940298,-0.7074861819302347,1
-6.284907365361743,-0.7708199587572269,1
-6.280850234722948,-0.8341560579276898,1
-6.276154492196784,-0.8974880445303461,1
-6.270819814869977,-0.9608094761350046,1
-6.264845944854655,-1.0241139034477242,1
-6.25823268939326,-1.08739487096746,1
-6.250979920956847,-1.1506459176441175,1
-6.24308757733671,-1.2138605775379545,1
-6.234555661729362,-1.2770323804802564,1
-6.225384242814811,-1.3401548527352245,1
-6.215573454828141,-1.403221517663004,1
-6.205123497624383,-1.4662258963837878,1
-6.194034636736644,-1.5291615084429249,1
-6.182307203427505,-1.5920218724769672,1
-6.169941594733651,-1.6548005068805864,1
-6.156938273503741,-1.7174909304742902,1
-6.1432977684294885,-1.780086663172872,1
-6.129020674069958,-1.8425812266545243,1
-6.114107650869057,-1.9049681450305433,1
-6.098559425166211,-1.9672409455155728,1
-6.082376789200239,-2.0293931590982597,1
-6.065560601106372,-2.0914183212123585,1
-6.048111784906458,-2.1533099724081133,1
-6.0300313304923145,-2.215061659023894,1
-6.0113202936022425,-2.276666933858013,1
-5.991979795790676,-2.338119356840647,1
-5.972011024390984,-2.399412495705799,1
-5.951415232471408,-2.4605399266632255,1
-5.930193738784132,-2.5214952350702635,1
-5.90834792770749,-2.5822720161034844,1
-5.885879249181308,-2.6428638754301046,1
-5.862789218635363,-2.703264429879083,1
-5.839079416910995,-2.763467308111838,1
-5.814751490175826,-2.8234661512925077,1
-5.789807149831635,-2.8832546137576878,1
-5.764248172415345,-2.942826363685575,1
-5.738076399493163,-3.0021750837644485,1
-5.711293737547858,-3.061294471860411,1
-5.6839021578591735,-3.120178241684329,1
-5.655903696377406,-3.1788201234578968,1
-5.62730045359012,-3.2372138645787527,1
-5.598094594382043,-3.2953532302845807,1
-5.568288347888112,-3.353232004316126,1
-5.53788400733971,-3.4108439895790488,1
-5.506883929904079,-3.4681830088045587,1
-5.475290536516927,-3.525242905208747,1
-5.443106311708243,-3.5820175431505503,1
-5.410333803421321,-3.638500808788283,1
-5.376975622825017,-3.694686610734654,1
-5.343034444119234,-3.7505688807102135,1
-5.308513004333666,-3.8061415741951516,1
-5.273414103119802,-3.8613986710793733,1
-5.23774060253621,-3.9163341763108,1
-5.20149542682711,-3.970942120541803,1
-5.164681562194262,-4.0252165607737185,1
-5.1273020565621765,-4.0791515809993655,1
-5.089360019336666,-4.132741292843509,1
-5.050858621156757,-4.185979836201173,1
-5.011801093639985,-4.238861379873773,1
-4.972190729121077,-4.291380122202965,1
-4.932030880384069,-4.3435302917021605,1
-4.891324960387843,-4.3953061476856385,1
-4.850076441985136,-4.4467019808951775,1
-4.80828885763503,-4.497712114124148,1
-4.765965799108937,-4.5483309028389955,1
-4.723110917190129,-4.598552735798045,1
-4.679727921366806,-4.648372035667561,1
-4.635820579518745,-4.697783259634989,1
-4.5913927175975555,-4.746780900019336,1
-4.5464482193005615,-4.795359484878584,1
-4.500991025738339,-4.8435135786141,1
-4.455025135095937,-4.891237782571979,1
-4.408554602287813,-4.938526735641223,1
-4.361583538606511,-4.985375114848723,1
-4.314116111365097,-5.0317776359509665,1
-4.2661565435334206,-5.077729054022395,1
-4.217709113368183,-5.123224164040371,1
-4.168778154036887,-5.168257801466659,1
-4.119368053235672,-5.212824842825387,1
-4.069483252801087,-5.256920206277402,1
-4.019128248315823,-5.300538852190966,1
-3.968307588708444,-5.34367578370873,1
-3.9170258758471483,-5.386326047310914,1
-3.8652877641276024,-5.428484733374643,1
-3.8130979600548773,-5.470146976729368,1
-3.76046122181953,-5.511307957208314,1
-3.7073823588678603,-5.551962900195884,1
-3.6538662314663872,-5.592107077170976,1
-3.5999177502605884,-5.631735806246137,1
-3.5455418758279253,-5.670844452702497,1
-3.4907436182252174,-5.709428429520418,1
-3.435528036530385,-5.747483197905822,1
-3.379900238378617,-5.7850042678121,1
-3.3238653794929998,-5.821987198457576,1
-3.267428663209648,-5.85842759883845,1
-3.2105953399973868,-5.894321128237169,1
-3.1533707069720234,-5.929663496726166,1
-3.0957601074052574,-5.964450465666908,1
-3.0377689302282733,-5.9986778482042,1
-2.979402609530056,-6.032341509755684,1
-2.920666624050488,-6.065437368496481,1
-2.861566496668261,-6.097961395838917,1
-2.8021077938836623,-6.129909616907284,1
-2.742296125296274,-6.16127811100757,1
-2.6821371430776377,-6.192063012092115,1
-2.6216365414389404,-6.222260509219138,1
-2.5608000560937585,-6.251866847007071,1
-2.4996334637159205,-6.280878326083659,1
-2.4381425813925395,-6.309291303529775,1
-2.376333266072257,-6.337102193317879,1
-2.314211414008765,-6.364307466745102,1
-2.2517829601996464,-6.39090365286087,1
-2.189053877820594,-6.416887338889043,1
-2.1260301776550588,-6.442255170644506,1
-2.0627179075193838,-6.467003852944169,1
-1.9991231516834789,-6.491130150012321,1
-1.935252030287087,-6.514630885880302,1
-1.8711106987517039,-6.537502944780426,1
-1.806705347188206,-6.559743271534137,1
-1.7420421998002398,-6.581348871934306,1
-1.6771275142834337,-6.602316813121686,1
-1.6119675812204928,-6.622644223955411,1
-1.5465687234722256,-6.642328295377554,1
-1.480937295564573,-6.661366280771662,1
-1.41507968307169,-6.679755496315229,1
-1.3490023019951471,-6.697493321326089,1
-1.282711598139302,-6.7145771986026555,1
-1.2162140464829165,-6.73100463475798,1
-1.1495161505470648,-6.746773200547593,1
-1.0826244417594049,-6.761880531191073,1
-1.0155454788148728,-6.776324326687323,1
-0.9482858470328597,-6.790102352123486,1
-0.8808521577109377,-6.803212437977496,1
-0.813251047475196,-6.815652480414197,1
-0.7454891776272533,-6.827420441575012,1
-0.6775732334880074,-6.838514349861108,1
-0.6095099237381902,-6.848932300210037,1
-0.5413059797557909,-6.8586724543658075,1
-0.4729681549504129,-6.867733041142358,1
-0.4045032240946316,-6.8761123566803874,1
-0.3359179826524179,-6.883808764697519,1
-0.2672192461046947,-6.890820696731767,1
-0.19841384927209293,-6.897146652378261,1
-0.12950864563497483,-6.902785199519207,1
-0.060510506650791766,-6.907734974547046,1
0.008573678931155241,-6.911994682580795,1
0.077737005757484,-6.915563097675522,1
0.14697255256095998,-6.918439063024932,1
0.21627338285311654,-6.920621491157052,1
0.285632545619197,-6.922109364122952,1
0.35504307601534935,-6.922901733678525,1
0.4244979960680034,-6.922997721459239,1
0.49399031537536,-6.9223965191478944,1
0.5635130318109222,-6.921097388635331,1
0.633059132228997,-6.9190996621740455,1
0.7026215931720979,-6.916402742524745,1
0.7721933815801748,-6.913006103095764,1
0.8417674555016009,-6.9089092880753515,1
0.9113367648058458,-6.904111912556799,1
0.9808942518977602,-6.89861366265639,1
1.050432852433402,-6.892414295624146,1
1.1199454960373292,-6.885513639947362,1
1.1894251070212902,-6.877911595446895,1
1.2588646051042338,-6.869608133366212,1
1.3282569061335696,-6.8606032964531565,1
1.397594922807602,-6.850897199034433,1
1.4668715653990687,-6.840490027082789,1
1.5360797424797066,-6.829382038276881,1
